{
    "count": 6,
    "successes": 6,
    "failed_to_download": 0,
    "failed_to_resize": 0,
    "duration": 1.1758570671081543,
    "start_time": 1745073584.357842,
    "end_time": 1745073585.533699,
    "status_dict": {
        "success": 6
    }
}