{"start_time": 1745599622.2975342, "end_time": 1745599622.704014, "read_duration": 0.03878400009125471, "inference_duration": 0.3581828000023961, "write_duration": 1.27000967040658e-05, "total_duration": 0.4064798355102539, "sample_count": 6}